{
  "title": "Address resource",
  "description": "Address resource object",
  "type": "object",
  "properties": {
    "entity": true,
    "line1": {
      "description": "First Line of address",
      "type": "string",
      "minLength": 1,
      "maxLength": 255
    },
    "line2": {
      "description": "Second Line of address",
      "type": "string",
      "minLength": 1,
      "maxLength": 255
    },
    "city": {
      "description": "City of the location",
      "type": "string",
      "minLength": 1,
      "maxLength": 50
    },
    "state": {
      "description": "State of the location",
      "type": "string",
      "minLength": 1,
      "maxLength": 50
    },
    "zip_code": {
      "description": "Zip code of the location",
      "type": "integer",
      "minLength": 1,
      "maxLength": 6
    }
  },
  "required": [
    "line1",
    "city",
    "state",
    "zip_code"
  ]
}