{
  "title": "Booking resource",
  "description": "Booking resource object",
  "type": "object",
  "properties": {
    "entity": true,
    "id": {
      "description": "Booking id",
      "type": "integer"
    },
    "first_name": {
      "description": "First name",
      "type": "string",
      "minLength": 1,
      "maxLength": 255
    },
    "last_name": {
      "description": "Last name",
      "type": "string",
      "minLength": 1,
      "maxLength": 255
    },
    "date_of_birth": {
      "description": "Date of birth",
      "type": "string",
      "format": "date",
      "customDatePattern": "yyyy-MM-dd"
    },
    "checkin_datetime": {
      "description": "Check In Date Time",
      "type": "string",
      "format": "date-time",
      "customDateTimePattern": "yyyy-MM-dd HH:mm:ss"
    },
    "checkout_datetime": {
      "description": "Check Out Date Time",
      "type": "string",
      "format": "date-time",
      "customDateTimePattern": "yyyy-MM-dd HH:mm:ss"
    },
    "totalprice": {
      "description": "Total Bill for the duration of stay",
      "type": "number"
    },
    "deposit": {
      "description": "Total Bill for the duration of stay",
      "type": "number"
    },
    "address": {
      "description": "Address of the booking location",
      "$ref":"address.json",
      "type": "object"
    }
  },
  "required": [
    "first_name",
    "last_name",
    "date_of_birth",
    "checkin_datetime",
    "checkout_datetime",
    "totalprice",
    "deposit",
    "address"

  ]
}